{
  "k_selection": {
    "k_values": [
      2,
      3,
      4,
      5,
      6,
      7,
      8,
      9
    ],
    "inertias": [
      2777.12172564838,
      2391.832151355768,
      2172.127827630048,
      1971.1812513186792,
      1806.2693303791266,
      1655.690023449682,
      1512.4180407481476,
      1416.1555133419697
    ],
    "silhouettes": [
      0.21847126178939946,
      0.16465739523871786,
      0.16620819912061854,
      0.17873885030503955,
      0.18096518389328803,
      0.2030637551104513,
      0.2150509574783471,
      0.20670898606434318
    ],
    "optimal_k": 9
  },
  "cluster_profiles": [
    {
      "cluster_id": 0,
      "count": 44,
      "percentage": 10.8,
      "avg_salary": 17659.0,
      "avg_experience": 3.2,
      "education_mode": "本科",
      "top5_skills": [
        "本科",
        "五险一金",
        "带薪年假",
        "专业培训",
        "年终奖金"
      ],
      "top3_industries": {
        "互联网/电子商务": 8,
        "计算机软件": 6,
        "电子技术/半导体/集成电路": 5
      },
      "top3_cities": {
        "广州": 19,
        "深圳": 19,
        "珠海": 6
      },
      "cluster_name": "中高级技术岗"
    },
    {
      "cluster_id": 1,
      "count": 62,
      "percentage": 15.2,
      "avg_salary": 11633.0,
      "avg_experience": 1.0,
      "education_mode": "本科",
      "top5_skills": [
        "本科",
        "五险一金",
        "年终奖金",
        "带薪年假",
        "专业培训"
      ],
      "top3_industries": {
        "计算机软件": 9,
        "互联网/电子商务": 8,
        "电子技术/半导体/集成电路": 6
      },
      "top3_cities": {
        "广州": 31,
        "深圳": 27,
        "珠海": 4
      },
      "cluster_name": "初级入门岗"
    },
    {
      "cluster_id": 2,
      "count": 34,
      "percentage": 8.3,
      "avg_salary": 11371.0,
      "avg_experience": 2.6,
      "education_mode": "大专",
      "top5_skills": [
        "大专",
        "五险一金",
        "绩效奖金",
        "专业培训",
        "3年及以上"
      ],
      "top3_industries": {
        "计算机软件": 8,
        "互联网/电子商务": 7,
        "通信/电信/网络设备": 4
      },
      "top3_cities": {
        "深圳": 17,
        "广州": 16,
        "肇庆": 1
      },
      "cluster_name": "中级技术岗"
    },
    {
      "cluster_id": 3,
      "count": 70,
      "percentage": 17.1,
      "avg_salary": 17731.0,
      "avg_experience": 3.4,
      "education_mode": "本科",
      "top5_skills": [
        "本科",
        "五险一金",
        "定期体检",
        "带薪年假",
        "周末双休"
      ],
      "top3_industries": {
        "计算机软件": 12,
        "互联网/电子商务": 10,
        "保险": 7
      },
      "top3_cities": {
        "深圳": 33,
        "广州": 33,
        "珠海": 4
      },
      "cluster_name": "中高级技术岗"
    },
    {
      "cluster_id": 4,
      "count": 33,
      "percentage": 8.1,
      "avg_salary": 21889.0,
      "avg_experience": 3.2,
      "education_mode": "本科",
      "top5_skills": [
        "本科",
        "Deep Learning",
        "人工智能",
        "Machine Learning",
        "五险一金"
      ],
      "top3_industries": {
        "计算机软件": 7,
        "通信/电信/网络设备": 3,
        "电子技术/半导体/集成电路": 3
      },
      "top3_cities": {
        "深圳": 20,
        "广州": 8,
        "珠海": 5
      },
      "cluster_name": "高薪技术岗"
    },
    {
      "cluster_id": 5,
      "count": 62,
      "percentage": 15.2,
      "avg_salary": 16008.0,
      "avg_experience": 3.7,
      "education_mode": "本科",
      "top5_skills": [
        "本科",
        "计算机",
        "sql",
        "数据分析",
        "五险一金"
      ],
      "top3_industries": {
        "计算机软件": 18,
        "制药/生物工程": 4,
        "金融/投资/证券": 4
      },
      "top3_cities": {
        "广州": 33,
        "深圳": 26,
        "珠海": 2
      },
      "cluster_name": "中高级技术岗"
    },
    {
      "cluster_id": 6,
      "count": 41,
      "percentage": 10.0,
      "avg_salary": 24260.0,
      "avg_experience": 2.4,
      "education_mode": "硕士",
      "top5_skills": [
        "硕士",
        "五险一金",
        "年终奖金",
        "带薪年假",
        "定期体检"
      ],
      "top3_industries": {
        "互联网/电子商务": 12,
        "医疗设备/器械": 4,
        "机械/设备/重工": 4
      },
      "top3_cities": {
        "广州": 18,
        "深圳": 18,
        "珠海": 5
      },
      "cluster_name": "高学历高薪岗"
    },
    {
      "cluster_id": 7,
      "count": 39,
      "percentage": 9.5,
      "avg_salary": 18940.0,
      "avg_experience": 3.3,
      "education_mode": "本科",
      "top5_skills": [
        "本科",
        "3年及以上",
        "五险一金",
        "ai",
        "定期体检"
      ],
      "top3_industries": {
        "计算机软件": 9,
        "医疗设备/器械": 4,
        "互联网/电子商务": 4
      },
      "top3_cities": {
        "广州": 20,
        "深圳": 18,
        "珠海": 1
      },
      "cluster_name": "中高级技术岗"
    },
    {
      "cluster_id": 8,
      "count": 24,
      "percentage": 5.9,
      "avg_salary": 37431.0,
      "avg_experience": 6.4,
      "education_mode": "本科",
      "top5_skills": [
        "本科",
        "五险一金",
        "带薪年假",
        "年终奖金",
        "定期体检"
      ],
      "top3_industries": {
        "电子技术/半导体/集成电路": 5,
        "专业服务(咨询、人力资源、财会)": 4,
        "计算机软件": 3
      },
      "top3_cities": {
        "深圳": 17,
        "广州": 6,
        "珠海": 1
      },
      "cluster_name": "高薪资深岗"
    }
  ],
  "cluster_names": {
    "0": "中高级技术岗",
    "1": "初级入门岗",
    "2": "中级技术岗",
    "3": "中高级技术岗",
    "4": "高薪技术岗",
    "5": "中高级技术岗",
    "6": "高学历高薪岗",
    "7": "中高级技术岗",
    "8": "高薪资深岗"
  }
}